index,title,url
1,网传南京护士独自支援武汉无任何优待 当事人：有获得补助和证书,https://new.qq.com/omn/20200427/20200427A0OXM900.html
2,紧急呼叫丨错换人生28年当事母亲：儿子往事历历在目 得知非亲生心如刀割,https://new.qq.com/omn/20200427/20200427V0PR1D00.html
3,紧急呼叫丨探访瑞幸北京总部：工作人员搬电脑及文件 配合监管执法,https://new.qq.com/zt/template/?id=FIN2020040201203200
4,《自然》刊文：空气中测出新冠病毒RNA，传染性待研究,https://new.qq.com/omn/20200427/20200427A0QT8900.html
5,横跨10条铁路线 看国内悬臂跨度最大斜拉桥“华丽转身”,https://new.qq.com/omn/rose.htm?id=ZLV2020042700483300
6,中国疾控中心专家：各国都在追踪本地零号病人，但存在两个难点,https://new.qq.com/omn/20200427/20200427A0O4I700.html
7,北方今起持续大升温：华北黄淮最明显，北京五一最高温或超35℃,https://new.qq.com/omn/20200427/20200427A0KDBT00.html
8,保安讲述河北四口被杀案嫌犯抓捕细节：他躲在植物园抽烟 被民警认出,https://new.qq.com/omn/20200427/20200427V0OLNP00.html
9,钱端事件新进展：深圳银保监局认定招行存在多处违规,https://new.qq.com/omn/20200427/20200427A0ND6N00.html
10,泰国杀妻骗保案凶手放弃上诉入监服刑 死者家属已上诉请求改判死刑,https://new.qq.com/omn/20200427/20200427V0LIK800.html
11,美各界质疑政府应对疫情不力，耿爽：美政府是否隐瞒了什么？,https://new.qq.com/omn/20200427/20200427A0H11D00.html
12,武汉在院新冠肺炎患者清零，专家：清零不等于全部出院,https://new.qq.com/omn/20200427/20200427A0GJP800.html
13,一线 | 李国庆再谈“夺章”：印章我白天绑在裤腰带，晚上放被窝里,https://new.qq.com/zt/template/?id=TEC2020042600521000
14,寻找熟悉的武汉生活：超市老板从日接万单降到数百 未来想转型线上,https://new.qq.com/omn/20200427/20200427V05K4900.html
15,造谣病毒来自武汉实验室的，原来是惯犯,https://new.qq.com/omn/20200427/20200427A0BLNR00.html
16,山东援鄂医疗队员张静静遗体今日火化 省领导看望慰问张静静家属,https://new.qq.com/omn/20200427/20200427A0CJAP00.html
17,英国首相鲍里斯病后首次现身唐宁街发声明 当场双拳紧握说了这话,https://new.qq.com/omn/20200427/20200427V0JGKW00.html
18,人口普查要求陆配提供家庭数据？国台办：歪曲事实别有用心,https://new.qq.com/omn/20200427/20200427A0H4VM00.html
19,30省份一季报：粤苏总量保持2万亿元，湖北最困难时期已过,https://new.qq.com/omn/20200427/20200427A0JV6G00.html
20,全国扫黑办：挂牌督办38起涉黑涉恶案件,https://new.qq.com/omn/20200427/20200427A0BBTS00.html
21,女子“割肝救子”才发现孩子被错抱28年 涉事医院正和家属协商赔偿,https://new.qq.com/omn/20200427/20200427A088DC00.html
22,少女与父子生三孩案二审开庭 受害人律师：建议对抚养权予以处理,https://new.qq.com/omn/20200427/20200427A0506400.html
23,六部门：无犯罪记录证明等20项证明不应由社区出具,https://new.qq.com/omn/20200427/20200427A066PB00.html
24,疫情下的民办幼儿园：房租和人工会拖死大部分幼儿园,https://new.qq.com/omn/20200426/20200426A0Q8F900.html
25,为拉动消费多地重提“2.5天小长假” 能否全国范围推广？,https://new.qq.com/zt/template/?id=FIN2020032000209000
26,李国庆抢当当公章现场视频曝光：“从容”将公章装进背包,https://new.qq.com/omn/20200427/20200427V01DY900.html
27,武汉一长江大桥出现晃动，官方回应,https://new.qq.com/omn/20200426/20200426A0O22700.html
28,四川一家公司疫情期间售卖假口罩 被罚1400余万元,https://new.qq.com/omn/20200427/20200427A00E0000.html
29,河北广宗县村民家水龙头为何流出酸液？工业、生活用水管线不分,https://new.qq.com/omn/20200427/20200427A02TN700.html
30,中国已向美国提供24亿只口罩，空军向3国急送试剂盒,https://new.qq.com/omn/20200426/20200426A0PR2B00.html
31,面对面 | 父亲感染新冠肺炎去世后 我们捐献了他的遗体,https://new.qq.com/omn/20200426/20200426V0Q4TT00.html
32,湖南益阳镉大米详情待披露，当地企业曾多次涉大米镉超标案,https://new.qq.com/omn/20200426/20200426A0PLML00.html
33,全球疫情吃紧，新冠检测试剂盒为何很难走出国门,https://new.qq.com/omn/20200426/20200426A0HWYG00.html
34,河北邢台市13个村自来水现异常 17667名群众生活饮水受到影响,https://new.qq.com/omn/20200426/20200426A0PGG800.html
35,教师梁艳萍在社交平台发布不当言论 湖北大学成立调查组,https://new.qq.com/omn/20200426/20200426A0Q1GM00.html
36,缅甸武装发生大冲突：3枚炮弹落入中国境内，学校不幸被击中,https://new.qq.com/omn/20200426/20200426V0O9OP00.html
37,哈尔滨“1传80＋”，副市长陈远飞再被中央纪委通报,https://new.qq.com/omn/20200426/20200426A0KWHQ00.html
38,热点丨直击青岛小珠山起火点：火苗在峭壁上乱窜 消防员飞檐走壁追火,https://new.qq.com/omn/20200426/20200426V0N5FG00.html
39,想“割肝救子”发现不是血亲，“但我还是想拼了命救他”,https://new.qq.com/omn/20200426/20200426A0KXU900.html
40,探访被李国庆“夺权”后的当当总部：有员工表示“欢迎李哥回来”,https://new.qq.com/omn/20200426/20200426V0LZUB00.html
41,河南开封卫健委回应“错换人生28年”事件：会督促医院协商赔偿,https://new.qq.com/omn/20200426/20200426A0MCT200.html
42,市委书记、市长请了10位企业家一起吃饭，现场画面曝光,https://new.qq.com/omn/20200426/20200426A0GYH700.html
43,开门见墓！规划公园变墓园修豪华活人墓 为躲检查用绿布遮盖墓穴,https://new.qq.com/omn/20200426/20200426V0EQJ100.html
44,31省份最低工资调整出炉：上海2480元领跑 北京时薪最高,https://new.qq.com/omn/20200426/20200426A0G0WS00.html
45,媒体：“多国女子想嫁到中国”，鸡血含量高达100％,https://new.qq.com/omn/20200426/20200426A0DVC700.html
46,美国医生4次被拒检测后死亡 女儿心寒：她为医院工作了31年,https://new.qq.com/omn/20200426/20200426V0NFXD00.html
47,探访当当网总部：当当网报警称李国庆闯入抢走公章,https://new.qq.com/omn/20200426/20200426V0JNY500.html
48,知名女网红制售假奢侈品被抓受审画面曝光 起底其背后上亿隐秘产业链,https://new.qq.com/omn/20200426/20200426V0N0B700.html
49,商务部：中国从未限制防疫物资出口，出口口罩价格合理是良心品质,https://new.qq.com/omn/FIN20200/FIN2020042600554400.html
50,非洲人在华遭虐待？法新社核查网络视频揭开真相,https://new.qq.com/omn/20200426/20200426A0ALM200.html
51,河北广宗自来水灼伤村民 记者探访涉事企业：大门紧闭已停工,https://new.qq.com/omn/20200426/20200426V0HHDQ00.html
